T_wi,T_wo,T_ex_i,Speed,MFR_water
69,78.6,311,0.9,10
70,78.7,310,0.82,9.8
70.5,79.1,312,0.81,9.8
65,73.1,315,0.75,9.9
62,71.1,316,0.8,9.6
60,69.9,313,0.88,9.8
65,70.66966037,300,0.5,9
64,67.62977168,310,0.3,8.8
63,72.2797346,290,0.8,8.5
61,69.76356217,270,0.8,8.3
60,68.97026022,250,0.88,8.1
62,78.89429309,290,0.85,5
61.6,76.68632497,300,0.88,6
63.2,76.5735188,311,0.87,7
61.8,73.18155533,311,0.84,8
