a,b,min,max
0.005795769,1.048286489,130,337
0.007508459,0.471110067,337,425
0.01016358,-0.657316438,425,500
