a,b,min,max
1.451120189,0.687845722,1.2,2.32
1.201299255,1.267430288,2.32,6.4
1.450670102,-0.328543131,6.4,8
