a,b,min,max
49.48022587,6.677779787,0.8,1.15
70.971518,-18.03720617,1.15,1.4
104.3421126,-64.75603856,1.4,1.6
