a,b,min,max
1.263932098,4.872240441,1.2,2.28
0.545833618,6.509504976,2.28,4.22
0.258895992,7.720381759,4.22,8
