a,b,min,max
0.006180193,0.691878943,150,415
0.022282239,-5.990469852,415,540
0.069634483,-31.56068196,540,600
