a,b,min,max
28.28653004,31.44670603,1.5,3.9
42.18962324,-22.77535742,3.9,5.1
66.98844306,-149.2493385,5.1,6
