a,b,min,max
0.014314514,0.02473535,10,28
0.012703234,0.069851179,28,82
0.014501752,-0.077627302,82,100
