a,b,min,max
1.352948418,0.615246616,0.25,0.4
0.999815107,0.75649994,0.4,0.68
0.932180063,0.80249177,0.68,0.75
