{
    "power": [
        7.95500000000000,
        9.10885245901639,
        10.3110655737705,
        11.4275573770492,
        12.4860327868852,
        13.4909836065574,
        14.6067704918033,
        15.8059508196721,
        17.0247540983607,
        18.3104166666667,
        19.4029836065574,
        20.3970819672131,
        21.5475081967213,
        22.7786721311475,
        23.9026557377049,
        24.8772295081967,
        25.9842950819672,
        26.9638360655738,
        27.9613833333333,
        29.0065245901639,
        30.1255573770492,
        31.2520491803279,
        32.3775737704918,
        33.4972622950820,
        34.6656393442623,
        35.4328688524590,
        36.6376557377049,
        37.7141147540984,
        38.7832786885246,
        39.8228524590164,
        40.9585901639344,
        41.7300178571429,
        42.8617213114754,
        43.6976206896552,
        44.8632295081967,
        45.9062622950820,
        47.0073281250000,
        47.7508196721311,
        48.7147931034483,
        49.6022950819672,
        50.7016065573771,
        51.6932622950820,
        52.7129508196721,
        53.7025245901639,
        54.6344754098361,
        55.5029180327869,
        56.5692459016394,
        57.3478196721311,
        58.2303442622951,
        59.3291333333333,
        60.2835081967213,
        60.4953114754098,
        60.0142131147541,
        60.6512295081967,
        59.7562622950820,
        61.1049090909091
    ],

    "temperature": [
        296.277325163934,
        295.865379672131,
        295.969527032787,
        297.046594409836,
        297.026419131148,
        296.915146409836,
        296.841977557377,
        296.970041393443,
        297.236660032787,
        298.806573000000,
        298.513848901639,
        297.601391098361,
        298.211614393443,
        298.788207295082,
        298.811043852459,
        298.447245950820,
        298.260291327869,
        298.627950475410,
        298.996247266667,
        299.045716540984,
        300.313695229508,
        299.844824442623,
        299.178365147541,
        299.612757049180,
        300.170838704918,
        299.809816508197,
        300.045399393443,
        300.927666934426,
        301.917735491803,
        302.050969868852,
        302.504608819672,
        303.352379482143,
        302.819099295082,
        303.718894103448,
        303.536081934426,
        304.379824737705,
        303.895389046875,
        304.471029786885,
        304.981766172414,
        304.308203393443,
        303.401588540984,
        304.630317147541,
        304.428665934426,
        304.961691590164,
        304.984221000000,
        304.658026967213,
        303.854232163934,
        304.702842737705,
        304.509079885246,
        304.656394783333,
        304.946539196721,
        304.139761540984,
        303.766984163934,
        303.793287852459,
        305.209594327869,
        305.065265818182
    ],

    "fuel_flow": [
        0.00118268118833630,
        0.00133877109085193,
        0.00142432036421130,
        0.00150236531534616,
        0.00148585580645225,
        0.00155939816425241,
        0.00162543619982807,
        0.00170498201540784,
        0.00178602869543250,
        0.00185241693341197,
        0.00191360217595403,
        0.00199014626293908,
        0.00205468343406983,
        0.00213122752075980,
        0.00220026728522526,
        0.00227681137191522,
        0.00240888744306653,
        0.00243890473196456,
        0.00250549308450334,
        0.00257548339694238,
        0.00261600673818421,
        0.00268504650392836,
        0.00275558713283872,
        0.00281111911730007,
        0.00288165974621042,
        0.00295069945697097,
        0.00299872699645372,
        0.00304375318357124,
        0.00312930309893059,
        0.00324636983297717,
        0.00333942294482336,
        0.00337110182322450,
        0.00341446582772417,
        0.00345059058182422,
        0.00351802685727478,
        0.00359607210073750,
        0.00365066505779172,
        0.00372514606391706,
        0.00381206636363155,
        0.00387072902658070,
        0.00393526694259668,
        0.00401030898943194,
        0.00411236844525898,
        0.00412887818244797,
        0.00426545691588480,
        0.00431648617658522,
        0.00440503737053931,
        0.00448458241723385,
        0.00446507120472882,
        0.00457000720718727,
        0.00460465180692430,
        0.00460165013488695,
        0.00458514059441927,
        0.00457463464392791,
        0.00460456332669563,
        0.00463000000000000
    ],
    "air_flow": [
        0.197630774657049,
        0.208834258370885,
        0.220583044389377,
        0.228876183606016,
        0.235593316540639,
        0.241228107022082,
        0.247957633190902,
        0.254949482816885,
        0.262591977238197,
        0.270086957746917,
        0.276181158534902,
        0.282466593811672,
        0.289400608344738,
        0.295479489718230,
        0.301525322467197,
        0.307434829640000,
        0.313813214173246,
        0.319788818595098,
        0.324549541809167,
        0.331062530636049,
        0.336521750299705,
        0.337647469072574,
        0.346434272118049,
        0.351563005536459,
        0.355473070925525,
        0.361188417429246,
        0.367451131776656,
        0.371962269024262,
        0.373317262629771,
        0.380868873333639,
        0.384097310841885,
        0.389391951306179,
        0.394435333700984,
        0.396886808018224,
        0.398384644331672,
        0.402443428531098,
        0.406095107896781,
        0.411383081465000,
        0.416188379961069,
        0.420758563134820,
        0.424179095773115,
        0.431237042648148,
        0.434448955844131,
        0.438253678742525,
        0.444169382532426,
        0.447304870784197,
        0.452109314574459,
        0.457888692788197,
        0.462775758139771,
        0.467989729468933,
        0.472940275720115,
        0.474320055794016,
        0.474227106537541,
        0.474757950068967,
        0.474146550515262,
        0.477131066641364
    ]
}
